OrderID,Order_Items
22914,SFry
22915,"BigCriq, LFry, MSoda"
22916,"Cito, Nacho, MSoda, TPop"
22917,"CriqBurg, SFry, LSoda, TPop"
22918,"CriqBurg, LFry, FSc, LSoda"
22919,LFry
22920,"BigCriq, LFry, FSc, LSoda"
22921,"SCito, Nacho, SSoda"
22922,"CriqBurg, Hop, TPop"
22923,"CriqBurg, MSoda, CarbOff"
22924,"SCito, Nacho"
22925,"Cito, LFry, MSoda"
22926,"CBChs, Nacho"
22927,"CriqBurg, SFry, SSoda"
22928,"BigCriq, LFry, FSc, MSoda"
22929,"Cito, Nacho, MSoda"
22930,"CriqBurg, Nacho, SSoda, TPop"
22931,"Cito, Nacho, LSoda"
22932,"SCito, SSoda"
22933,"Cito, Nacho"
22934,"BigCriq, LFry, SSoda"
22935,"BigCriq, SSoda"
22936,"Cito, LFry, FSc"
22937,"CriqBurg, SFry, SSoda, CarbOff"
22938,"Cito, Nacho, LSoda"
22939,"CriqBurg, SFry, SSoda"
22940,"CriqBurg, SFry, LSoda"
22941,MSoda
22942,"CBChs, SSoda, TPop"
22943,"CBChs, SSoda"
22944,Nacho
22945,"SFry, SSoda, TPop, CarbOff"
22946,"Cito, LFry, LSoda"
22947,"CriqBurg, Nacho, SSoda"
22948,"Cito, Nacho, TPop"
22949,"Cito, Nacho, CarbOff"
22950,"SCito, Nacho, TPop"
22951,"SFry, MSoda, TPop"
22952,"Cito, Nacho"
22953,"SFry, SSoda, CarbOff"
22954,"CBChs, Nacho"
22955,"LFry, SSoda, TPop, CarbOff"
22956,"Cito, Nacho"
22957,"CBChs, SFry, SSoda, TPop, CarbOff"
22958,"SCito, Nacho"
22959,"CriqBurg, SFry, MSoda"
22960,"CriqBurg, LSoda"
22961,"CriqBurg, Hop, MSoda, CarbOff"
22962,"SCito, SSoda"
22963,"CriqBurg, LFry, MSoda"
22964,"CriqBurg, LFry, SSoda, CarbOff"
22965,"CriqBurg, SFry, SSoda"
22966,"CriqBurg, LFry, MSoda, CarbOff"
22967,"SCito, Nacho"
22968,"CriqBurg, Hop, SSoda"
22969,"SCito, LFry, SSoda"
22970,"Cito, Nacho, MSoda"
22971,"CBChs, MSoda"
22972,"CBChs, LFry, FSc, CarbOff"
22973,Nacho
22974,"BigCriq, LFry, SSoda"
22975,"SFry, TPop, CarbOff"
22976,"Cito, Nacho, MSoda, TPop"
22977,"Cito, Nacho, MSoda"
22978,"Cito, SSoda, CarbOff"
22979,"Cito, Nacho"
22980,"SCito, Nacho"
22981,"CBChs, LFry, FSc"
22982,"Cito, Nacho"
22983,"Cito, LFry, FSc, SSoda"
22984,"CriqBurg, SFry, MSoda"
22985,"SCito, Nacho"
22986,"CBChs, Nacho"
22987,"CriqBurg, SSoda"
22988,"Cito, Nacho, SSoda"
22989,"CBChs, SFry, FSc, MSoda"
22990,"CriqBurg, LSoda"
22991,"CriqBurg, SFry, SSoda, CarbOff"
22992,"CriqBurg, SFry, FSc, LSoda"
22993,"Cito, Nacho"
22994,"SCito, Nacho, SSoda, CarbOff"
22995,"SCito, Nacho, MSoda, TPop"
22996,"CriqBurg, LFry, FSc, MSoda"
22997,"BigCriq, SFry, SSoda"
22998,"Cito, Nacho, SSoda"
22999,"Cito, Nacho, SSoda"
23000,SSoda
23001,"CriqBurg, SFry, FSc, MSoda"
23002,"CBChs, SFry, SSoda"
23003,"CriqBurg, SFry, FSc, SSoda"
23004,"Cito, Nacho"
23005,"CBChs, LFry"
23006,"CriqBurg, Nacho"
23007,"Cito, Nacho, SSoda, CarbOff"
23008,"Cito, Nacho, TPop"
23009,"CriqBurg, SFry, MSoda, CarbOff"
23010,"SCito, Nacho, CarbOff"
23011,"CBChs, LFry, FSc, MSoda"
23012,"CBChs, SFry, SSoda, CarbOff"
23013,"Cito, Nacho, MSoda"
23014,"Cito, LFry, MSoda, TPop, CarbOff"
23015,"Cito, LFry, FSc"
23016,"CriqBurg, SFry, FSc, MSoda, TPop"
23017,"CriqBurg, Nacho, MSoda, CarbOff"
23018,"Cito, Nacho, MSoda"
23019,"SCito, LFry, SSoda, TPop"
23020,"SFry, SSoda"
23021,"Cito, LFry, SSoda, CarbOff"
23022,"CriqBurg, LFry, FSc, SSoda"
23023,"Cito, SSoda, CarbOff"
23024,"Cito, SSoda"
23025,"Cito, Nacho, SSoda"
23026,"BigCriq, SFry, SSoda"
23027,"CBChs, Hop, LSoda"
23028,"CriqBurg, Hop, TPop"
23029,"Cito, Nacho"
23030,"SCito, Nacho"
23031,"CBChs, MSoda, CarbOff"
23032,"CriqBurg, SFry, SSoda"
23033,"CriqBurg, SFry, FSc"
23034,"CriqBurg, SFry"
23035,"SCito, LSoda, TPop"
23036,"CriqBurg, Hop, MSoda, TPop"
23037,"BigCriq, SFry, MSoda, TPop"
23038,"BigCriq, SFry, MSoda"
23039,"Cito, LFry, FSc, MSoda"
23040,"Hop, SSoda, TPop, CarbOff"
23041,"Cito, LFry, FSc, MSoda"
23042,"SCito, Nacho, SSoda"
23043,"SFry, SSoda"
23044,"CriqBurg, SFry, FSc, SSoda"
23045,"CriqBurg, Nacho, MSoda"
23046,"SCito, Nacho, MSoda, CarbOff"
23047,"CriqBurg, SSoda, TPop"
23048,SFry
23049,"CriqBurg, Nacho, MSoda"
23050,"CriqBurg, SFry"
23051,"Cito, CarbOff"
23052,"BigCriq, MSoda, TPop, CarbOff"
23053,"CBChs, LFry, FSc, MSoda, CarbOff"
23054,"SCito, Nacho, MSoda, CarbOff"
23055,"CriqBurg, SFry, SSoda"
23056,"Cito, Nacho"
23057,"CriqBurg, LFry, SSoda"
23058,"Cito, LFry, CarbOff"
23059,"Cito, Nacho, SSoda, TPop, CarbOff"
23060,"CriqBurg, SFry, SSoda"
23061,"CBChs, SFry, LSoda"
23062,"BigCriq, SFry, MSoda"
23063,"CriqBurg, TPop"
23064,"BigCriq, LFry, SSoda"
23065,"SFry, SSoda, TPop, CarbOff"
23066,"CriqBurg, LFry"
23067,"CBChs, LFry, FSc, LSoda, TPop"
23068,"CBChs, LFry, SSoda"
23069,"CriqBurg, SSoda, TPop"
23070,"Cito, LFry, CarbOff"
23071,"CriqBurg, SFry, MSoda"
23072,CarbOff
23073,"CBChs, LFry, FSc, LSoda"
23074,"CriqBurg, Hop, MSoda"
23075,"CriqBurg, SFry, FSc, LSoda"
23076,"CriqBurg, LFry, SSoda"
23077,"CriqBurg, SFry, TPop, CarbOff"
23078,"CriqBurg, LSoda, TPop, CarbOff"
23079,"CriqBurg, Hop, LSoda, TPop"
23080,"Cito, Nacho"
23081,"LFry, MSoda"
23082,"SCito, Nacho, SSoda"
23083,"CriqBurg, SFry, SSoda"
23084,"Cito, Nacho, SSoda"
23085,"CBChs, LFry, MSoda"
23086,"CBChs, Hop, TPop"
23087,"CBChs, SFry, SSoda"
23088,"CBChs, SFry, MSoda"
23089,"CBChs, Hop, SSoda, TPop"
23090,"CriqBurg, LSoda"
23091,SSoda
23092,"Cito, LFry, LSoda"
23093,"CriqBurg, LFry, MSoda"
23094,CBChs
23095,"CriqBurg, LFry, LSoda"
23096,"Cito, Nacho, CarbOff"
23097,"Cito, Nacho, SSoda"
23098,"BigCriq, SFry, FSc, SSoda"
23099,"CBChs, LFry, FSc, SSoda"
23100,"SCito, Nacho, SSoda"
23101,"CBChs, SFry, MSoda"
23102,"CriqBurg, MSoda, CarbOff"
23103,"SCito, LFry, FSc, MSoda, CarbOff"
23104,"Cito, Nacho"
23105,"Cito, SSoda, TPop"
23106,"LFry, TPop"
23107,"SCito, Nacho, SSoda, TPop"
23108,"CBChs, LFry, FSc"
23109,"CriqBurg, SSoda"
23110,BigCriq
23111,"CriqBurg, Nacho, MSoda, TPop"
23112,"CBChs, SFry, MSoda"
23113,"CriqBurg, LFry, FSc, MSoda, CarbOff"
23114,"Cito, Nacho"
23115,"SCito, Nacho"
23116,"BigCriq, LFry, SSoda"
23117,"SCito, Nacho, SSoda"
23118,"CriqBurg, LSoda, CarbOff"
23119,Nacho
23120,"CBChs, LFry, CarbOff"
23121,"CriqBurg, MSoda"
23122,"SFry, SSoda, CarbOff"
23123,"Cito, SSoda, CarbOff"
23124,"CriqBurg, SSoda, CarbOff"
23125,"CriqBurg, LFry, SSoda"
23126,"Cito, LFry"
23127,"Cito, Nacho, CarbOff"
23128,"BigCriq, SFry, SSoda"
23129,"CriqBurg, SFry, MSoda, CarbOff"
23130,"CBChs, LFry, MSoda, CarbOff"
23131,"Cito, Nacho, SSoda, TPop"
23132,"BigCriq, LFry, FSc, SSoda"
23133,Cito
23134,"CriqBurg, LSoda"
23135,SFry
23136,"CriqBurg, MSoda"
23137,"CriqBurg, SFry, SSoda, TPop, CarbOff"
23138,"CriqBurg, SFry, LSoda, TPop"
23139,"CBChs, LFry, SSoda"
23140,SFry
23141,"SFry, FSc"
23142,"Cito, Nacho, MSoda, CarbOff"
23143,"Cito, LFry, FSc, SSoda, TPop"
23144,"CriqBurg, Nacho"
23145,"CriqBurg, Nacho"
23146,"Cito, Nacho"
23147,"Cito, Nacho, SSoda"
23148,"CriqBurg, SFry, SSoda"
23149,"CriqBurg, SFry, FSc"
23150,"CBChs, SFry, SSoda"
23151,"CriqBurg, LFry, FSc, SSoda"
23152,"CriqBurg, LFry, MSoda"
23153,"Cito, Nacho"
23154,"SFry, MSoda"
23155,"CBChs, SFry, MSoda"
23156,"CriqBurg, SFry, LSoda"
23157,"BigCriq, SFry, MSoda"
23158,"BigCriq, SFry, MSoda"
23159,"SFry, FSc, MSoda, CarbOff"
23160,"CBChs, SFry, MSoda"
23161,"Cito, LFry, SSoda"
23162,"CriqBurg, SFry, FSc"
23163,"CBChs, SFry, FSc, MSoda"
23164,"CriqBurg, SFry, FSc, SSoda"
23165,"CBChs, MSoda"
23166,"CBChs, LFry, MSoda, CarbOff"
23167,
23168,"BigCriq, SFry, FSc, CarbOff"
23169,"SFry, SSoda"
23170,"Cito, Nacho, MSoda"
23171,"CriqBurg, SFry, MSoda, CarbOff"
23172,"LFry, MSoda"
23173,"CBChs, MSoda, TPop"
23174,"Cito, Nacho"
23175,"CriqBurg, TPop"
23176,"Cito, Nacho"
23177,"Cito, Nacho, SSoda"
23178,BigCriq
23179,"BigCriq, LFry, FSc, TPop"
23180,"CriqBurg, LFry, FSc, LSoda"
23181,"CriqBurg, Nacho, SSoda"
23182,"CriqBurg, LFry, MSoda"
23183,"CBChs, SFry, SSoda"
23184,"Cito, Nacho"
23185,"CriqBurg, MSoda, TPop, CarbOff"
23186,"CriqBurg, SSoda, TPop, CarbOff"
23187,"Cito, Nacho, SSoda, CarbOff"
23188,"BigCriq, SFry, TPop, CarbOff"
23189,"Cito, Nacho, MSoda, TPop"
23190,"LFry, FSc"
23191,"SFry, MSoda, CarbOff"
23192,"CriqBurg, LFry, LSoda, CarbOff"
23193,"CriqBurg, SFry, SSoda"
23194,"CriqBurg, LFry, FSc"
23195,"CBChs, SFry, SSoda"
23196,"CriqBurg, SFry, FSc, SSoda"
23197,"SFry, FSc"
23198,"Cito, Nacho, SSoda"
23199,"CriqBurg, LFry, MSoda"
23200,"SCito, Nacho, TPop, CarbOff"
23201,"Cito, SSoda"
23202,"Cito, LFry, MSoda"
23203,"SCito, MSoda"
23204,"CriqBurg, LFry"
23205,"Cito, LFry, FSc, LSoda"
23206,"CriqBurg, Nacho, SSoda, TPop"
23207,"Cito, Nacho"
23208,"CriqBurg, SFry, FSc, SSoda"
23209,"Cito, Nacho, SSoda"
23210,SFry
23211,"SCito, LFry, SSoda"
23212,"CriqBurg, LFry, FSc"
23213,"Cito, Nacho"
23214,LFry
23215,"Nacho, TPop, CarbOff"
23216,"Cito, LFry, FSc, SSoda"
23217,"Cito, Nacho, SSoda"
23218,"CriqBurg, LFry, SSoda, CarbOff"
23219,"Cito, Nacho, SSoda, TPop"
23220,"CriqBurg, SFry, FSc, MSoda"
23221,CarbOff
23222,"SCito, Nacho, MSoda"
23223,"CriqBurg, MSoda"
23224,"CriqBurg, Nacho"
23225,"CriqBurg, SSoda, TPop"
23226,"CriqBurg, SFry, FSc, SSoda"
23227,"CriqBurg, SFry, MSoda"
23228,"BigCriq, LFry, MSoda"
23229,"CriqBurg, SFry, FSc, MSoda, CarbOff"
23230,Nacho
23231,"Cito, LFry, SSoda, CarbOff"
23232,"SCito, Nacho, SSoda, TPop"
23233,"CriqBurg, SFry"
23234,"Cito, MSoda"
23235,"CriqBurg, SFry, SSoda"
23236,"Cito, Nacho"
23237,"Cito, Nacho, CarbOff"
23238,"CBChs, SFry, MSoda, CarbOff"
23239,"Cito, Nacho"
23240,"BigCriq, SFry, SSoda, TPop"
23241,"SCito, LFry, SSoda, TPop"
23242,"Cito, LFry, SSoda, TPop"
23243,"LFry, TPop, CarbOff"
23244,"SCito, Nacho"
23245,"BigCriq, SFry, TPop"
23246,"SFry, MSoda, TPop"
23247,"Cito, LFry, FSc"
23248,"CriqBurg, Nacho"
23249,"CriqBurg, SFry, LSoda"
23250,"SCito, Nacho, MSoda, TPop"
23251,"Nacho, SSoda, TPop, CarbOff"
23252,"Cito, Nacho"
23253,"BigCriq, SSoda"
23254,"CBChs, LFry, FSc, LSoda"
23255,"Cito, Nacho, SSoda"
23256,"CBChs, Nacho"
23257,"CriqBurg, Nacho, CarbOff"
23258,"Cito, MSoda"
23259,"CriqBurg, SFry, SSoda"
23260,"BigCriq, SFry, CarbOff"
23261,"CriqBurg, SFry, SSoda, CarbOff"
23262,Nacho
23263,"BigCriq, SFry, MSoda, CarbOff"
23264,"Cito, LFry"
23265,"CBChs, SFry, FSc, LSoda"
23266,"BigCriq, Nacho, SSoda, CarbOff"
23267,"Cito, Nacho, SSoda"
23268,"CriqBurg, LFry, SSoda, TPop, CarbOff"
23269,"SCito, LFry, FSc, CarbOff"
23270,"SCito, LFry, MSoda, CarbOff"
23271,"CBChs, MSoda, TPop"
23272,"SFry, FSc"
23273,"Cito, Nacho, MSoda"
23274,"Cito, Nacho"
23275,"CBChs, SFry, CarbOff"
23276,"CBChs, LSoda, TPop"
23277,"CBChs, SFry, MSoda"
23278,"BigCriq, SFry, LSoda"
23279,"Cito, Nacho"
23280,"Cito, Nacho, MSoda"
23281,"CriqBurg, SFry, FSc, LSoda"
23282,"Cito, Nacho, SSoda"
23283,"CriqBurg, Nacho"
23284,"CBChs, SSoda, TPop"
23285,"Cito, LFry, MSoda"
23286,"Cito, Nacho"
23287,"CBChs, TPop"
23288,"BigCriq, LFry, SSoda"
23289,"CriqBurg, SSoda"
23290,"Cito, SSoda"
23291,"Cito, Nacho, SSoda"
23292,"CriqBurg, LFry, FSc"
23293,"CBChs, LFry, MSoda"
23294,"CriqBurg, SFry, SSoda"
23295,"CriqBurg, LFry"
23296,"Cito, Nacho, SSoda, CarbOff"
23297,"SFry, SSoda, CarbOff"
23298,"Cito, SSoda"
23299,"CriqBurg, LFry, SSoda"
23300,"CriqBurg, SFry, LSoda, TPop, CarbOff"
23301,"CriqBurg, LFry, LSoda"
23302,"CBChs, Hop, LSoda, TPop"
23303,"CriqBurg, LFry, MSoda"
23304,"CriqBurg, SFry, MSoda, TPop, CarbOff"
23305,"CriqBurg, LFry, SSoda, CarbOff"
23306,"CriqBurg, SFry, SSoda"
23307,"BigCriq, LFry, SSoda"
23308,"Cito, Nacho, SSoda"
23309,"Cito, LFry, CarbOff"
23310,CriqBurg
23311,"Cito, LFry, MSoda"
23312,"CriqBurg, LFry, SSoda"
23313,"SCito, MSoda, TPop, CarbOff"
23314,"CBChs, LFry, SSoda, TPop"
23315,"CriqBurg, Hop"
23316,LFry
23317,"SCito, Nacho, CarbOff"
23318,"Cito, Nacho"
23319,"CriqBurg, SFry, FSc"
23320,"CBChs, SFry, LSoda"
23321,"CBChs, SFry, FSc, MSoda"
23322,"BigCriq, Hop, MSoda, CarbOff"
23323,"BigCriq, LFry, LSoda"
23324,"CriqBurg, SFry"
23325,"Cito, LFry, TPop"
23326,
23327,"CriqBurg, Nacho"
23328,"BigCriq, SFry, LSoda"
23329,"LFry, TPop"
23330,"SCito, LFry"
23331,"Cito, Nacho, SSoda"
23332,"SCito, Nacho, MSoda, TPop"
23333,"Cito, Nacho, MSoda"
23334,"BigCriq, Hop, MSoda, TPop"
23335,"Cito, Nacho"
23336,"CriqBurg, SFry, FSc, TPop"
23337,"CriqBurg, TPop, CarbOff"
23338,"Nacho, TPop"
23339,"BigCriq, Nacho, SSoda"
23340,
23341,"Cito, Nacho, SSoda, CarbOff"
23342,"SFry, TPop"
23343,"Cito, Nacho, MSoda"
23344,"BigCriq, LFry, FSc, LSoda, CarbOff"
23345,"CBChs, LFry, FSc, CarbOff"
23346,"CriqBurg, SFry, FSc"
23347,"CriqBurg, SSoda"
23348,"CriqBurg, LFry, MSoda"
23349,"CBChs, SFry"
23350,"CBChs, Nacho, SSoda"
23351,"Cito, LFry"
23352,"Cito, LFry"
23353,"LFry, CarbOff"
23354,"CriqBurg, LFry, MSoda"
23355,"BigCriq, LFry, FSc, SSoda"
23356,"CriqBurg, LFry, SSoda"
23357,"BigCriq, LFry, SSoda"
23358,"BigCriq, Hop, MSoda"
23359,LFry
23360,"Cito, Nacho"
23361,"Cito, Nacho, SSoda, TPop"
23362,
23363,"CriqBurg, SFry, FSc, SSoda, TPop"
23364,"CriqBurg, SFry, SSoda, CarbOff"
23365,"CBChs, SFry, MSoda"
23366,"BigCriq, LSoda, CarbOff"
23367,"CriqBurg, Nacho, MSoda, CarbOff"
23368,"CBChs, SFry, FSc, MSoda"
23369,"CriqBurg, Nacho, SSoda, TPop"
23370,"Cito, Nacho, SSoda"
23371,"SCito, LFry, TPop"
23372,"CriqBurg, SFry, MSoda"
23373,"CriqBurg, LFry, SSoda"
23374,"CriqBurg, MSoda"
23375,"BigCriq, LFry, FSc, SSoda"
23376,"BigCriq, SFry, FSc, MSoda, CarbOff"
23377,"CriqBurg, SSoda"
23378,"Cito, Nacho, CarbOff"
23379,"CriqBurg, LFry, FSc, LSoda"
23380,"CriqBurg, SFry, SSoda, TPop"
23381,"CriqBurg, SFry, TPop"
23382,"CBChs, SFry, SSoda"
23383,"SFry, SSoda"
23384,"SCito, Nacho, SSoda, CarbOff"
23385,"Cito, Nacho, SSoda"
23386,"CriqBurg, LFry, MSoda"
23387,"CriqBurg, SFry, SSoda, CarbOff"
23388,"Cito, Nacho"
23389,"LFry, CarbOff"
23390,"Cito, Nacho, MSoda"
23391,"Cito, Nacho, TPop, CarbOff"
23392,"CriqBurg, LSoda, CarbOff"
23393,"Cito, LSoda, TPop"
23394,"CriqBurg, SSoda"
23395,"CriqBurg, MSoda"
23396,"SCito, LFry, SSoda"
23397,"CBChs, SFry, MSoda"
23398,"SCito, Nacho, SSoda"
23399,"SCito, LFry, SSoda"
23400,"BigCriq, SFry"
23401,"Cito, Nacho, SSoda"
23402,"CriqBurg, SFry, SSoda, TPop, CarbOff"
23403,"CBChs, SFry, FSc, SSoda"
23404,"CriqBurg, SFry, FSc, SSoda"
23405,"Cito, LFry, MSoda"
23406,"CriqBurg, Nacho"
23407,"Cito, Nacho"
23408,"SCito, Nacho, SSoda, TPop"
23409,"Cito, Nacho"
23410,"Cito, Nacho, CarbOff"
23411,"CBChs, LFry, SSoda"
23412,"CriqBurg, LFry, FSc, MSoda"
23413,"Cito, Nacho, CarbOff"
23414,"Cito, Nacho, TPop"
23415,"SFry, CarbOff"
23416,"SFry, FSc, SSoda"
23417,"Cito, Nacho, MSoda, TPop"
23418,"CriqBurg, Nacho, TPop"
23419,"SCito, LFry, TPop, CarbOff"
23420,"CriqBurg, TPop"
23421,"BigCriq, SFry, SSoda, CarbOff"
23422,"LFry, SSoda"
23423,"Cito, Nacho, SSoda, CarbOff"
23424,"CBChs, SFry, TPop"
23425,Nacho
23426,"CriqBurg, LFry, LSoda"
23427,"BigCriq, TPop"
23428,"Cito, Nacho"
23429,"CriqBurg, MSoda"
23430,"CriqBurg, SSoda, TPop"
23431,"CBChs, Nacho"
23432,"Cito, LFry, LSoda"
23433,"CBChs, LSoda"
23434,"Cito, LFry, MSoda, TPop"
23435,"Cito, LFry, SSoda"
23436,"SFry, SSoda, TPop"
23437,"CriqBurg, SFry, SSoda"
23438,"Cito, Nacho, SSoda"
23439,"CriqBurg, MSoda"
23440,"CriqBurg, Nacho"
23441,"SCito, Nacho, MSoda, TPop"
23442,"Cito, TPop"
23443,"Cito, Nacho, SSoda, CarbOff"
23444,"CriqBurg, SFry, FSc, TPop, CarbOff"
23445,"SFry, MSoda"
23446,Hop
23447,"CriqBurg, SFry, MSoda"
23448,"SCito, LFry, SSoda"
23449,"Cito, LFry, LSoda"
23450,"Cito, Nacho, SSoda, CarbOff"
23451,"CriqBurg, SFry, FSc, LSoda"
23452,"Cito, LFry, LSoda"
23453,"Cito, Nacho, SSoda, TPop"
23454,"CriqBurg, LFry, TPop, CarbOff"
23455,"CriqBurg, SFry, FSc, MSoda"
23456,"Cito, LFry, SSoda, TPop"
23457,"CriqBurg, SFry, SSoda"
23458,"CriqBurg, SFry, TPop"
23459,"Cito, Nacho, TPop"
23460,"CBChs, SFry, MSoda"
23461,"BigCriq, LFry, MSoda, CarbOff"
23462,"CBChs, SSoda, CarbOff"
23463,CriqBurg
23464,"SCito, Nacho, CarbOff"
23465,"CriqBurg, SFry, SSoda"
23466,"CriqBurg, Nacho, SSoda, CarbOff"
23467,"CBChs, MSoda"
23468,"CriqBurg, LFry, FSc"
23469,"CriqBurg, LFry, LSoda"
23470,"BigCriq, LFry, SSoda"
23471,"BigCriq, Hop, LSoda, TPop, CarbOff"
23472,"CriqBurg, Nacho, MSoda, CarbOff"
23473,"BigCriq, LFry"
23474,"SCito, Nacho, SSoda, CarbOff"
23475,SSoda
23476,"CBChs, SFry, FSc, SSoda, TPop, CarbOff"
23477,"Cito, Nacho"
23478,"CriqBurg, MSoda, TPop"
23479,"SCito, Nacho, SSoda"
23480,"Cito, LFry, LSoda"
23481,"BigCriq, LSoda, TPop"
23482,"Cito, Nacho"
23483,"SCito, Nacho, TPop, CarbOff"
23484,"CriqBurg, SFry"
23485,"BigCriq, SFry, SSoda"
23486,"SCito, Nacho, SSoda, CarbOff"
23487,"SCito, LFry, LSoda, CarbOff"
23488,"Cito, Nacho, SSoda"
23489,"CriqBurg, SFry, FSc, SSoda"
23490,"Cito, Nacho"
23491,"Cito, Nacho"
23492,"CriqBurg, SFry, CarbOff"
23493,"CriqBurg, SFry, SSoda"
23494,"Cito, Nacho, MSoda, TPop, CarbOff"
23495,"CriqBurg, SFry"
23496,"TPop, CarbOff"
23497,"CriqBurg, LFry, SSoda"
23498,"Cito, LFry, MSoda"
23499,"SCito, MSoda"
23500,"Cito, Nacho, SSoda, CarbOff"
23501,"Cito, LFry, FSc"
23502,"Cito, Nacho, MSoda, TPop"
23503,"LFry, FSc, TPop"
23504,"CBChs, LFry, MSoda, CarbOff"
23505,Hop
23506,"CriqBurg, LFry, SSoda, TPop"
23507,"SCito, Nacho, MSoda, TPop"
23508,"CriqBurg, LFry, LSoda, CarbOff"
23509,"LFry, MSoda"
23510,"BigCriq, TPop"
23511,"BigCriq, MSoda"
23512,"CriqBurg, SFry, LSoda"
23513,"CriqBurg, LFry"
23514,"Cito, Nacho, SSoda, TPop, CarbOff"
23515,"CriqBurg, SFry, SSoda, CarbOff"
23516,"SCito, Nacho, SSoda"
23517,"Cito, Nacho, TPop"
23518,"Cito, Nacho, MSoda"
23519,"Cito, LFry, TPop"
23520,"Cito, Nacho, SSoda, TPop"
23521,"CriqBurg, LFry, SSoda"
23522,"CBChs, SFry"
23523,"Cito, Nacho"
23524,"Cito, Nacho, CarbOff"
23525,"CriqBurg, LFry, SSoda"
23526,"BigCriq, Nacho, SSoda"
23527,"CBChs, MSoda, CarbOff"
23528,"SCito, Nacho, MSoda, TPop"
23529,"CBChs, LFry, FSc"
23530,"SCito, Nacho, CarbOff"
23531,"Cito, LFry, SSoda"
23532,BigCriq
23533,"BigCriq, SFry, MSoda"
23534,"CriqBurg, SFry, TPop"
23535,Cito
23536,"Cito, Nacho"
23537,"CriqBurg, LFry, LSoda, CarbOff"
23538,"CriqBurg, LFry, FSc, MSoda, TPop"
23539,"CBChs, LFry, SSoda, CarbOff"
23540,"Cito, Nacho"
23541,"CBChs, LSoda"
23542,"Cito, Nacho, MSoda"
23543,"SCito, Nacho"
23544,"BigCriq, LSoda, TPop"
23545,"CBChs, LFry, CarbOff"
23546,"CriqBurg, SFry, FSc, LSoda, TPop"
23547,CBChs
23548,"CriqBurg, SFry, FSc, LSoda"
23549,"Cito, Nacho, MSoda"
23550,"BigCriq, SFry, SSoda"
23551,"CriqBurg, LFry, LSoda, CarbOff"
23552,"CBChs, SFry, SSoda"
23553,"CriqBurg, MSoda"
23554,"CBChs, LFry"
23555,"CBChs, SSoda"
23556,"Nacho, CarbOff"
23557,"CriqBurg, SFry, SSoda"
23558,"Cito, LFry, SSoda"
23559,"SCito, LFry, MSoda"
23560,"Cito, LFry, SSoda"
23561,"CriqBurg, SFry, LSoda"
23562,"SCito, Nacho, MSoda"
23563,"CriqBurg, SFry, FSc, LSoda, TPop"
23564,"Cito, Nacho, CarbOff"
23565,"CBChs, LFry, MSoda"
23566,"BigCriq, SFry, MSoda"
23567,"BigCriq, LFry, LSoda, TPop"
23568,"BigCriq, SFry, MSoda, TPop, CarbOff"
23569,"BigCriq, Hop"
23570,"CriqBurg, SFry, LSoda, CarbOff"
23571,Nacho
23572,"CriqBurg, LSoda, CarbOff"
23573,"Cito, LFry, SSoda"
23574,"CBChs, SFry, MSoda"
23575,"CBChs, SFry, FSc, LSoda, TPop"
23576,"Cito, Nacho"
23577,"Cito, Nacho, SSoda, TPop"
23578,"LFry, SSoda"
23579,"Cito, LFry, FSc, LSoda, TPop"
23580,"CriqBurg, SSoda, TPop, CarbOff"
23581,"BigCriq, Nacho, SSoda, CarbOff"
23582,"SCito, Nacho, CarbOff"
23583,
23584,"SCito, LSoda, TPop"
23585,"Cito, Nacho, SSoda"
23586,"Cito, Nacho"
23587,"CBChs, LFry, SSoda, CarbOff"
23588,"BigCriq, SFry, MSoda"
23589,"SCito, Nacho, CarbOff"
23590,"LFry, SSoda"
23591,"SCito, LFry, FSc"
23592,"SCito, LSoda"
23593,"CriqBurg, Nacho, CarbOff"
23594,"CriqBurg, SFry, FSc, LSoda, CarbOff"
23595,"Cito, LFry, CarbOff"
23596,"CriqBurg, SFry, MSoda"
23597,"LFry, FSc, MSoda"
23598,"LFry, FSc"
23599,"CriqBurg, MSoda"
23600,"Cito, LFry, MSoda, CarbOff"
23601,CriqBurg
23602,"CBChs, Nacho, CarbOff"
23603,"SCito, Nacho, CarbOff"
23604,"Cito, Nacho"
23605,"SSoda, TPop"
23606,"CBChs, SFry, SSoda, CarbOff"
23607,"CBChs, LFry"
23608,"CBChs, LFry, MSoda, CarbOff"
23609,"Cito, Nacho, SSoda, CarbOff"
23610,"SCito, LSoda, TPop"
23611,"CriqBurg, LSoda"
23612,"CriqBurg, SFry, SSoda"
23613,"CriqBurg, Nacho, TPop"
23614,"SFry, FSc, MSoda, TPop, CarbOff"
23615,"Cito, LFry, SSoda, TPop, CarbOff"
23616,"CBChs, Nacho, SSoda, TPop"
23617,"CriqBurg, LFry, SSoda, CarbOff"
23618,"CriqBurg, SFry, LSoda"
23619,"CBChs, LFry, MSoda"
23620,"CBChs, SFry, MSoda"
23621,"CriqBurg, LSoda"
23622,"CBChs, Nacho, MSoda"
23623,"CriqBurg, LFry, LSoda"
23624,"SFry, MSoda, TPop"
23625,"CBChs, SFry, SSoda"
23626,"CriqBurg, LFry, FSc, MSoda"
23627,"Cito, LFry, MSoda"
23628,"CriqBurg, LSoda, CarbOff"
23629,"BigCriq, SFry, MSoda"
23630,"SCito, Nacho"
23631,"SFry, MSoda"
23632,"SCito, Nacho"
23633,"CriqBurg, SFry, MSoda, CarbOff"
23634,"Cito, Nacho, SSoda"
23635,"Cito, Nacho, SSoda, CarbOff"
23636,"Cito, Nacho"
23637,"Cito, Nacho, SSoda"
23638,"CriqBurg, SFry, FSc, SSoda, TPop, CarbOff"
23639,"BigCriq, Nacho"
23640,"CriqBurg, LFry, MSoda, CarbOff"
23641,"CriqBurg, LFry, FSc, CarbOff"
23642,"CBChs, Hop, SSoda"
23643,"CBChs, SFry, MSoda, TPop"
23644,"CriqBurg, MSoda"
23645,"SCito, MSoda"
23646,"BigCriq, SFry, TPop"
23647,"BigCriq, SSoda"
23648,"Cito, LSoda"
23649,"BigCriq, Nacho, SSoda, CarbOff"
23650,"SCito, Nacho, SSoda, TPop, CarbOff"
23651,"Nacho, SSoda"
23652,"Cito, Nacho, SSoda, CarbOff"
23653,"SFry, SSoda"
23654,"CBChs, Hop, MSoda"
23655,"SCito, Nacho"
23656,"SCito, Nacho, SSoda, CarbOff"
23657,"CBChs, CarbOff"
23658,"CriqBurg, SFry, MSoda, CarbOff"
23659,"BigCriq, LFry, MSoda"
23660,"CBChs, TPop, CarbOff"
23661,"CBChs, SSoda, TPop"
23662,"Cito, Nacho"
23663,"BigCriq, Hop, SSoda"
23664,"SCito, Nacho, SSoda, CarbOff"
23665,"CriqBurg, LFry, CarbOff"
23666,"CriqBurg, LFry"
23667,"Cito, LFry, LSoda"
23668,CriqBurg
23669,"BigCriq, LFry, MSoda"
23670,"CriqBurg, MSoda"
23671,"Cito, TPop, CarbOff"
23672,"CriqBurg, SFry, FSc, MSoda"
23673,"CriqBurg, LFry, CarbOff"
23674,"BigCriq, SFry, FSc, LSoda"
23675,"SFry, FSc, SSoda, CarbOff"
23676,"BigCriq, Hop, SSoda, TPop"
23677,"Cito, Nacho, CarbOff"
23678,"Cito, Nacho, SSoda"
23679,"SCito, Nacho"
23680,"CriqBurg, SFry, MSoda, CarbOff"
23681,"CBChs, LFry, SSoda"
23682,"CriqBurg, LSoda, TPop"
23683,"Cito, LFry, FSc, LSoda"
23684,"CBChs, Nacho, SSoda"
23685,"CBChs, SFry, MSoda"
23686,CriqBurg
23687,"Cito, LFry, SSoda"
23688,"Cito, Nacho, MSoda, TPop, CarbOff"
23689,"Cito, LFry, LSoda, CarbOff"
23690,CarbOff
23691,"CriqBurg, LSoda"
23692,"CriqBurg, LFry, LSoda, CarbOff"
23693,"CBChs, SFry, MSoda"
23694,"CriqBurg, MSoda, TPop"
23695,"CriqBurg, SFry, FSc, MSoda"
23696,"BigCriq, LFry, LSoda, TPop"
23697,"Cito, Nacho"
23698,"CBChs, SFry, MSoda"
23699,"SCito, Nacho, SSoda, CarbOff"
23700,MSoda
23701,"BigCriq, SSoda, TPop"
23702,"CriqBurg, SFry, SSoda"
23703,"SFry, MSoda, CarbOff"
23704,"CriqBurg, Nacho"
23705,"CBChs, LFry"
23706,LFry
23707,"SCito, Nacho, TPop, CarbOff"
23708,"BigCriq, LFry, LSoda, CarbOff"
23709,"CBChs, MSoda"
23710,"CriqBurg, SFry, SSoda, TPop"
23711,"CriqBurg, SFry, SSoda, TPop"
23712,"SCito, LFry, CarbOff"
23713,"SCito, Nacho, MSoda"
23714,"SCito, Nacho"
23715,"Cito, LFry, MSoda, TPop, CarbOff"
23716,"CBChs, LSoda"
23717,"Cito, LFry, MSoda"
23718,"SCito, MSoda"
23719,"CriqBurg, SFry, SSoda, CarbOff"
23720,"SCito, Nacho, TPop"
23721,"Cito, Nacho"
23722,"Cito, MSoda"
23723,"CriqBurg, SFry, LSoda, CarbOff"
23724,"SCito, Nacho, SSoda"
23725,"Cito, LFry, SSoda, CarbOff"
23726,"Cito, Nacho"
23727,"CriqBurg, SFry, FSc, LSoda"
23728,"Cito, Nacho, MSoda"
23729,"Cito, Nacho"
23730,"SCito, Nacho"
23731,SFry
23732,"CriqBurg, SFry, SSoda, TPop"
23733,"CBChs, LFry"
23734,"CriqBurg, LFry, SSoda, CarbOff"
23735,"SCito, Nacho, CarbOff"
23736,"CBChs, SFry, FSc, TPop"
23737,"CriqBurg, Hop, LSoda"
23738,"Cito, Nacho, SSoda"
23739,"LFry, SSoda, TPop, CarbOff"
23740,"CriqBurg, Hop, TPop, CarbOff"
23741,"Cito, Nacho, CarbOff"
23742,"SCito, Nacho"
23743,"CriqBurg, SFry, FSc, MSoda"
23744,"CBChs, SFry, MSoda"
23745,"CriqBurg, Nacho, MSoda"
23746,"Cito, Nacho"
23747,"Cito, Nacho, MSoda"
23748,"BigCriq, LFry"
23749,"CriqBurg, LFry, FSc, MSoda"
23750,"CriqBurg, MSoda, TPop"
23751,"Cito, Nacho, SSoda, TPop"
23752,"CBChs, LSoda"
23753,"CriqBurg, LFry, SSoda"
23754,"CriqBurg, SFry, MSoda"
23755,"Cito, Nacho, MSoda, TPop"
23756,"CriqBurg, Nacho"
23757,"SCito, Nacho, MSoda, TPop, CarbOff"
23758,"SCito, Nacho, SSoda"
23759,"Nacho, SSoda"
23760,"CriqBurg, TPop"
23761,"Cito, Nacho, TPop, CarbOff"
23762,"BigCriq, SSoda, TPop"
23763,"CriqBurg, SFry, FSc"
23764,"SCito, Nacho, SSoda"
23765,"CriqBurg, SFry, FSc, LSoda"
23766,"CriqBurg, LFry, SSoda, CarbOff"
23767,"CriqBurg, SFry, FSc, LSoda, TPop"
23768,"BigCriq, MSoda"
23769,"CriqBurg, LFry, LSoda"
23770,"SCito, Nacho"
23771,"SCito, Nacho, CarbOff"
23772,SSoda
23773,"Cito, LFry, SSoda, CarbOff"
23774,"Nacho, SSoda"
23775,TPop
23776,"CriqBurg, SFry, MSoda"
23777,"CriqBurg, SSoda"
23778,"BigCriq, MSoda"
23779,"BigCriq, MSoda, TPop"
23780,"CriqBurg, LFry, LSoda, CarbOff"
23781,"CBChs, SFry"
23782,"CriqBurg, LFry, MSoda"
23783,"SCito, Nacho, CarbOff"
23784,"SFry, FSc"
23785,"SCito, Nacho, MSoda"
23786,"CriqBurg, SFry"
23787,"Cito, Nacho"
23788,"CBChs, SFry, FSc"
23789,"Cito, Nacho, MSoda"
23790,"BigCriq, TPop"
23791,"Cito, LFry, FSc, LSoda, TPop"
23792,"CriqBurg, LFry, FSc, SSoda"
23793,MSoda
23794,"CriqBurg, SFry, MSoda"
23795,SCito
23796,"CriqBurg, MSoda, TPop"
23797,"SCito, MSoda"
23798,"Cito, Nacho, SSoda, CarbOff"
23799,"CriqBurg, SFry, MSoda"
23800,"Nacho, SSoda"
23801,Nacho
23802,"CriqBurg, LFry, MSoda"
23803,"Cito, Nacho"
23804,"CriqBurg, SFry, MSoda"
23805,"CriqBurg, SFry, SSoda, TPop"
23806,"CriqBurg, SFry, SSoda"
23807,"CBChs, TPop, CarbOff"
23808,"CriqBurg, LFry, MSoda"
23809,"Cito, Nacho"
23810,"CriqBurg, Nacho"
23811,"CBChs, MSoda"
23812,"CriqBurg, LSoda"
23813,"CBChs, LFry, SSoda"
23814,"SFry, MSoda"
23815,"Cito, Nacho, SSoda"
23816,"CBChs, LSoda, CarbOff"
23817,"Cito, Nacho, MSoda"
23818,SFry
23819,"SCito, Nacho, MSoda"
23820,"Cito, Nacho, SSoda"
23821,"Cito, Nacho, CarbOff"
23822,"CBChs, SFry, MSoda"
23823,CriqBurg
23824,"CriqBurg, LFry, SSoda, TPop"
23825,"CriqBurg, LFry, CarbOff"
23826,Nacho
23827,"Cito, Nacho, SSoda"
23828,"CriqBurg, Nacho, TPop"
23829,"SCito, LFry, SSoda"
23830,"CriqBurg, SFry, LSoda"
23831,"BigCriq, Nacho"
23832,"CriqBurg, LFry"
23833,"CriqBurg, Nacho, MSoda, CarbOff"
23834,"Cito, LFry, LSoda"
23835,"CBChs, SFry"
23836,"Cito, Nacho, SSoda, CarbOff"
23837,"CriqBurg, SSoda"
23838,"CriqBurg, SFry, LSoda"
23839,"Cito, LFry, SSoda"
23840,"SCito, Nacho, SSoda"
23841,"CriqBurg, LFry, FSc, SSoda"
23842,"BigCriq, SFry, FSc, SSoda, TPop"
23843,"CriqBurg, Nacho, MSoda"
23844,"CBChs, SFry, SSoda"
23845,"CriqBurg, MSoda, TPop"
23846,"CBChs, SFry, SSoda"
23847,"CriqBurg, Hop, MSoda"
23848,"BigCriq, LFry"
23849,"Cito, Nacho, SSoda"
23850,"CriqBurg, Nacho"
23851,"CBChs, LFry, FSc, LSoda, TPop"
23852,"Cito, Nacho, SSoda"
23853,"Cito, Nacho, SSoda"
23854,"CriqBurg, SFry, SSoda"
23855,"CBChs, SFry, SSoda"
23856,"CriqBurg, LFry, SSoda"
23857,"CriqBurg, LFry, FSc, SSoda, CarbOff"
23858,"CBChs, MSoda, CarbOff"
23859,"CriqBurg, Nacho, MSoda"
23860,"SFry, SSoda"
23861,"SCito, LFry"
23862,"CriqBurg, SFry, MSoda, CarbOff"
23863,"Cito, Nacho, SSoda, TPop"
23864,"CBChs, LFry, CarbOff"
23865,"SFry, TPop"
23866,"CriqBurg, TPop"
23867,"Cito, Nacho, MSoda"
23868,"BigCriq, SFry, LSoda"
23869,"CBChs, Hop, SSoda"
23870,"SFry, MSoda, TPop"
23871,"CriqBurg, LSoda, TPop, CarbOff"
23872,"SCito, Nacho, MSoda"
23873,"CBChs, SFry, FSc, SSoda, CarbOff"
23874,"Cito, LFry, SSoda"
23875,"CBChs, Nacho"
23876,"CBChs, SFry, FSc, SSoda"
23877,"CriqBurg, LSoda, CarbOff"
23878,"Cito, Nacho, MSoda"
23879,"Cito, Nacho, MSoda"
23880,"CriqBurg, SFry, LSoda, TPop"
23881,"CriqBurg, SFry, MSoda"
23882,"CBChs, SFry, TPop"
23883,"CriqBurg, LFry, MSoda, CarbOff"
23884,"Cito, Nacho, MSoda, TPop"
23885,"CriqBurg, LFry, SSoda"
23886,"BigCriq, MSoda"
23887,"SCito, Nacho"
23888,"Cito, Nacho, SSoda, CarbOff"
23889,"Cito, LFry, LSoda"
23890,"SCito, Nacho"
23891,"SCito, Nacho, MSoda"
23892,"CriqBurg, SFry, LSoda"
23893,"BigCriq, SFry, MSoda, TPop, CarbOff"
23894,"CriqBurg, SFry, MSoda"
23895,"CBChs, LFry, SSoda"
23896,"Cito, Nacho, SSoda, TPop"
23897,"CBChs, LSoda, TPop"
23898,"CBChs, SFry"
23899,"BigCriq, SFry, MSoda"
23900,"BigCriq, Nacho, TPop"
23901,"BigCriq, SSoda, CarbOff"
23902,"Cito, LFry, SSoda, CarbOff"
23903,"SCito, Nacho"
23904,"CBChs, SFry, SSoda, TPop"
23905,"CriqBurg, Hop, SSoda, TPop"
23906,"CriqBurg, MSoda"
23907,"CBChs, SSoda, TPop, CarbOff"
23908,"CBChs, SSoda"
23909,"CriqBurg, Nacho, MSoda, TPop"
23910,"CBChs, MSoda"
23911,"SCito, Nacho, SSoda"
23912,"CBChs, Hop, MSoda, TPop"
23913,"Nacho, SSoda"
23914,"BigCriq, SSoda"
23915,"SCito, Nacho, CarbOff"
23916,"CriqBurg, LFry, CarbOff"
23917,"SCito, Nacho, MSoda, TPop"
23918,"CriqBurg, Nacho, SSoda"
23919,"CriqBurg, SFry, FSc, SSoda"
23920,"Cito, Nacho, SSoda"
23921,"Cito, Nacho, CarbOff"
23922,"Cito, LFry, MSoda"
23923,"CriqBurg, LFry, MSoda"
23924,"CriqBurg, CarbOff"
23925,"CBChs, TPop"
23926,"CBChs, SFry, MSoda"
23927,"CriqBurg, SFry, FSc, SSoda"
23928,"CriqBurg, SFry, SSoda"
23929,"SCito, LFry, CarbOff"
23930,"Cito, Nacho, MSoda"
23931,"Cito, Nacho"
23932,"CriqBurg, LFry, LSoda, CarbOff"
23933,"CBChs, SFry, SSoda, TPop"
23934,"CriqBurg, SFry, MSoda"
23935,"SCito, Nacho"
23936,"CriqBurg, Hop, SSoda"
23937,"Cito, LFry, MSoda, CarbOff"
23938,"CBChs, SFry"
23939,"CriqBurg, LFry, SSoda, CarbOff"
23940,Cito
23941,"CriqBurg, LFry, SSoda, CarbOff"
23942,"CriqBurg, Nacho, MSoda, CarbOff"
23943,"SCito, Nacho, CarbOff"
23944,"Cito, LFry, LSoda"
23945,"SCito, LFry, FSc"
23946,"CBChs, SFry, SSoda"
23947,"SCito, Nacho"
23948,"CBChs, LFry, LSoda"
23949,"CBChs, SFry, LSoda, TPop"
23950,"Cito, LFry, SSoda"
23951,"CriqBurg, SFry, SSoda"
23952,"Cito, Nacho, SSoda"
23953,"CBChs, SFry, FSc, SSoda"
23954,"Cito, Nacho, SSoda, CarbOff"
23955,"SCito, Nacho"
23956,"CBChs, SFry, SSoda, CarbOff"
23957,"CriqBurg, SFry, MSoda"
23958,"CriqBurg, SFry, LSoda, TPop"
23959,"SCito, Nacho"
23960,"CriqBurg, SSoda"
23961,"CBChs, Nacho"
23962,"BigCriq, SFry, LSoda, TPop"
23963,"Cito, Nacho, CarbOff"
23964,"CriqBurg, Nacho"
23965,"Cito, Nacho, TPop"
23966,"SCito, LFry, MSoda, TPop"
23967,"CriqBurg, SFry, MSoda, TPop"
23968,"CriqBurg, SFry, SSoda"
23969,"CBChs, LSoda, CarbOff"
23970,"Cito, LFry, LSoda"
23971,"CBChs, SSoda"
23972,"CBChs, SFry, SSoda"
23973,"CriqBurg, LSoda, TPop"
23974,"CBChs, SFry, LSoda"
23975,"LFry, MSoda"
23976,"Cito, Nacho, SSoda"
23977,"CBChs, SFry, SSoda, TPop, CarbOff"
23978,"Cito, Nacho"
23979,"SSoda, TPop"
23980,"Cito, LSoda, TPop"
23981,"CriqBurg, TPop"
23982,"CriqBurg, SFry, LSoda"
23983,"CBChs, SFry, SSoda, TPop"
23984,"CriqBurg, SSoda, TPop"
23985,"Cito, Nacho, SSoda"
23986,"Cito, Nacho, TPop, CarbOff"
23987,"BigCriq, SFry, FSc, MSoda, CarbOff"
23988,LFry
23989,"CBChs, LFry, FSc, MSoda"
23990,"CriqBurg, LFry, SSoda"
23991,"Cito, Nacho"
23992,"LFry, SSoda"
23993,"CriqBurg, CarbOff"
23994,"CriqBurg, Nacho"
23995,"CriqBurg, LSoda, CarbOff"
23996,"Cito, Nacho"
23997,"Cito, Nacho"
23998,"CriqBurg, SFry, SSoda"
23999,"SSoda, CarbOff"
24000,"CriqBurg, SFry, SSoda, CarbOff"
24001,"CBChs, Nacho"
24002,"CriqBurg, SFry, CarbOff"
24003,"Cito, Nacho, CarbOff"
24004,"CriqBurg, SFry, TPop, CarbOff"
24005,"SCito, SSoda"
24006,SFry
24007,"Cito, Nacho, CarbOff"
24008,"Cito, Nacho, SSoda, CarbOff"
24009,"CriqBurg, Nacho, SSoda"
24010,"SFry, SSoda"
24011,"Cito, MSoda, TPop"
24012,"CriqBurg, SSoda, TPop, CarbOff"
24013,"SCito, Nacho, MSoda"
24014,Cito
24015,"CriqBurg, Hop, SSoda"
24016,"CriqBurg, SFry, FSc, TPop"
24017,"BigCriq, SSoda"
24018,"BigCriq, LFry, FSc, MSoda"
24019,"Cito, Nacho, MSoda, TPop"
24020,"Cito, Nacho, SSoda"
24021,"Cito, Nacho"
24022,"SCito, Nacho, MSoda"
24023,"CBChs, SFry, LSoda, TPop"
24024,"Cito, Nacho"
24025,"Cito, SSoda"
24026,"Cito, Nacho"
24027,"LFry, SSoda, TPop"
24028,"CBChs, LFry, SSoda"
24029,"CriqBurg, SFry, LSoda"
24030,"Cito, LFry, SSoda"
24031,"CBChs, SSoda, CarbOff"
24032,"CriqBurg, SSoda"
24033,"LFry, CarbOff"
24034,"CBChs, MSoda, TPop"
24035,"SCito, Nacho, SSoda"
24036,"CriqBurg, SFry, LSoda"
24037,"SCito, LSoda, TPop"
24038,"BigCriq, SFry, SSoda"
24039,SSoda
24040,"CriqBurg, SFry, CarbOff"
24041,"Cito, LFry, MSoda, CarbOff"
24042,"Cito, Nacho, SSoda"
24043,"Cito, Nacho, SSoda, CarbOff"
24044,"CriqBurg, SFry, MSoda"
24045,"SCito, LFry, FSc, SSoda"
24046,Cito
24047,"BigCriq, SFry, FSc, MSoda"
24048,"CriqBurg, Hop, LSoda"
24049,"LFry, FSc"
24050,"CriqBurg, LFry"
24051,"CriqBurg, Nacho"
24052,"SFry, CarbOff"
24053,"BigCriq, SSoda"
24054,"BigCriq, Hop, MSoda, TPop"
24055,"CBChs, SSoda, TPop"
24056,"CriqBurg, SFry, SSoda"
24057,"LFry, MSoda"
24058,"SFry, SSoda, CarbOff"
24059,"BigCriq, SFry, SSoda"
24060,"Cito, Nacho"
24061,"Cito, Nacho, MSoda"
24062,"Cito, Nacho, MSoda"
24063,"Cito, MSoda"
24064,"CriqBurg, Hop, TPop"
24065,"CriqBurg, SFry"
24066,"Nacho, SSoda"
24067,"BigCriq, MSoda, TPop"
24068,"SCito, Nacho, SSoda"
24069,"BigCriq, SFry, SSoda"
24070,"CriqBurg, LSoda"
24071,"CBChs, SFry, MSoda, CarbOff"
24072,"CBChs, LFry, MSoda"
24073,"CriqBurg, Hop, SSoda, TPop"
24074,"CriqBurg, LFry, SSoda, TPop"
24075,"Cito, LFry, FSc"
24076,"CBChs, LSoda, TPop"
24077,"Cito, Nacho, CarbOff"
24078,"CriqBurg, SSoda"
24079,"CBChs, SSoda"
24080,"CriqBurg, SFry, SSoda"
24081,"CBChs, SFry, LSoda, CarbOff"
24082,"Hop, TPop"
24083,"CriqBurg, SFry, MSoda"
24084,"CriqBurg, SFry, FSc, SSoda"
24085,"Cito, SSoda"
24086,"Cito, SSoda, CarbOff"
24087,"Cito, Nacho, SSoda, CarbOff"
24088,"BigCriq, SFry, LSoda, CarbOff"
24089,"CriqBurg, SFry, SSoda, TPop"
24090,"Cito, Nacho"
24091,SSoda
24092,"BigCriq, SFry, FSc"
24093,"CBChs, LSoda"
24094,"LFry, FSc, SSoda"
24095,"CriqBurg, LFry, LSoda"
24096,"Cito, Nacho, SSoda"
24097,"SCito, Nacho"
24098,"BigCriq, SFry, SSoda"
24099,"Cito, Nacho"
24100,"SCito, LFry, MSoda, CarbOff"
24101,"BigCriq, Nacho, CarbOff"
24102,"Cito, MSoda"
24103,"LFry, MSoda"
24104,"CriqBurg, LFry, FSc, MSoda"
24105,"Cito, Nacho, SSoda, CarbOff"
24106,"CriqBurg, SSoda"
24107,"CriqBurg, LFry, FSc, LSoda"
24108,"CBChs, SFry, MSoda, CarbOff"
24109,"CriqBurg, MSoda"
24110,"Cito, LFry"
24111,"CBChs, SFry, CarbOff"
24112,"CriqBurg, LFry, LSoda, TPop"
24113,"CBChs, SFry, MSoda"
24114,"Cito, Nacho, MSoda"
24115,"BigCriq, LFry"
24116,"CBChs, SFry"
24117,"CriqBurg, LFry, SSoda"
24118,
24119,"CBChs, MSoda, CarbOff"
24120,"BigCriq, Nacho, SSoda"
24121,"SFry, MSoda"
24122,SSoda
24123,"CriqBurg, SFry, SSoda, TPop"
24124,"SFry, MSoda, CarbOff"
24125,"CBChs, SFry, TPop"
24126,"SFry, FSc, SSoda"
24127,"CriqBurg, SFry, SSoda"
24128,"Cito, Nacho, MSoda, CarbOff"
24129,"Cito, Nacho, TPop"
24130,SFry
24131,"BigCriq, SFry, SSoda, TPop"
24132,"BigCriq, LFry, CarbOff"
24133,"SCito, Nacho, MSoda"
24134,"BigCriq, Nacho, SSoda, TPop"
24135,"BigCriq, LFry"
24136,"BigCriq, TPop, CarbOff"
24137,"Cito, Nacho, MSoda"
24138,"BigCriq, LFry"
24139,"CriqBurg, LSoda"
24140,"CBChs, SFry, LSoda"
24141,"CriqBurg, LFry, MSoda"
24142,"SCito, LSoda"
24143,"CBChs, LFry, FSc, MSoda"
24144,"BigCriq, LFry, LSoda"
24145,"Cito, Nacho, MSoda"
24146,"CriqBurg, SFry, LSoda"
24147,"CBChs, MSoda, CarbOff"
24148,"SCito, Nacho"
24149,"CriqBurg, Nacho, SSoda"
24150,"SFry, FSc, SSoda, CarbOff"
24151,"CriqBurg, SFry"
24152,"CriqBurg, MSoda, TPop"
24153,"Cito, LFry, SSoda, TPop"
24154,"SCito, Nacho"
24155,"BigCriq, LFry, SSoda"
24156,"CBChs, SFry, SSoda, TPop"
24157,"SCito, LFry, MSoda, CarbOff"
24158,"SCito, Nacho"
24159,"Cito, Nacho"
24160,"Cito, Nacho, SSoda"
24161,"CriqBurg, SFry, SSoda, CarbOff"
24162,"Cito, Nacho, SSoda"
24163,"CriqBurg, Hop, MSoda"
24164,"CriqBurg, LFry"
24165,"BigCriq, Nacho, MSoda, CarbOff"
24166,"CBChs, LFry, MSoda, TPop"
24167,"Cito, LFry, FSc, MSoda, CarbOff"
24168,SFry
24169,CBChs
24170,"Cito, Nacho"
24171,"CriqBurg, Nacho, SSoda"
24172,"Cito, LFry, SSoda"
24173,"CriqBurg, LFry, SSoda"
24174,"BigCriq, SFry, MSoda"
24175,"SSoda, TPop"
24176,"SCito, Nacho, SSoda"
24177,"Cito, LFry, LSoda"
24178,"SFry, MSoda"
24179,"CriqBurg, MSoda"
24180,Nacho
24181,"CriqBurg, CarbOff"
24182,"BigCriq, MSoda"
24183,"SFry, TPop"
24184,"CBChs, SFry, MSoda"
24185,"CriqBurg, SFry, SSoda, TPop"
24186,"Cito, Nacho, SSoda"
24187,"CBChs, SFry, FSc, SSoda, TPop"
24188,"CriqBurg, Hop, LSoda"
24189,"CBChs, MSoda"
24190,"CriqBurg, SFry, LSoda, CarbOff"
24191,"CriqBurg, LFry, FSc, SSoda"
24192,"BigCriq, SSoda, TPop"
24193,"CBChs, SFry, FSc, LSoda, TPop"
24194,"Cito, Nacho, SSoda"
24195,"CriqBurg, Hop, LSoda, TPop"
24196,"SCito, Nacho, MSoda"
24197,"Hop, SSoda"
24198,"Cito, LFry, SSoda, TPop, CarbOff"
24199,"LFry, FSc, MSoda"
24200,"Cito, LFry, SSoda"
24201,"CriqBurg, LSoda"
24202,"SFry, TPop"
24203,"CriqBurg, MSoda, TPop"
24204,"CriqBurg, Hop, SSoda, CarbOff"
24205,"CriqBurg, Nacho"
24206,"CBChs, Nacho, CarbOff"
24207,"CriqBurg, Nacho, SSoda, CarbOff"
24208,"Cito, LSoda"
24209,"CriqBurg, TPop, CarbOff"
24210,"SCito, Nacho, MSoda"
24211,"BigCriq, LFry"
24212,"Cito, Nacho"
24213,"Cito, LFry, LSoda"
24214,"Cito, Nacho, SSoda"
24215,"CriqBurg, LFry"
24216,"CriqBurg, LFry, MSoda, CarbOff"
24217,"CriqBurg, LSoda, TPop"
24218,"CBChs, SFry, SSoda, TPop"
24219,"SCito, Nacho, MSoda, CarbOff"
24220,"CriqBurg, SFry, TPop, CarbOff"
24221,"CBChs, LFry, MSoda, TPop"
24222,"CriqBurg, SFry"
24223,"Cito, Nacho, SSoda, TPop, CarbOff"
24224,"Cito, LSoda"
24225,"SCito, Nacho, SSoda"
24226,"SFry, SSoda"
24227,"SCito, Nacho, MSoda, CarbOff"
24228,"Cito, Nacho, MSoda"
24229,LFry
24230,"BigCriq, LFry, FSc, MSoda"
24231,"Cito, SSoda"
24232,"CriqBurg, SFry, MSoda"
24233,"Cito, Nacho, CarbOff"
24234,"Cito, Nacho"
24235,"CriqBurg, LFry, SSoda, CarbOff"
24236,"SCito, Nacho, TPop, CarbOff"
24237,"CriqBurg, SFry, SSoda, TPop"
24238,"SCito, MSoda"
24239,"CriqBurg, LFry"
24240,"Cito, Nacho, SSoda"
24241,"CriqBurg, SFry, SSoda, CarbOff"
24242,"Cito, Nacho"
24243,"CriqBurg, SFry, LSoda, TPop, CarbOff"
24244,"CBChs, SFry, LSoda"
24245,"Cito, Nacho, SSoda"
24246,"BigCriq, Nacho, MSoda"
24247,"CBChs, SFry, SSoda"
24248,"Cito, Nacho"
24249,"Cito, Nacho, MSoda, TPop"
24250,"BigCriq, CarbOff"
24251,"CriqBurg, SFry, LSoda, TPop"
24252,"BigCriq, MSoda"
24253,"Cito, Nacho, TPop"
24254,"CBChs, LFry, MSoda, TPop"
24255,"CriqBurg, Hop, MSoda"
24256,"BigCriq, SFry"
24257,"CriqBurg, MSoda"
24258,"SCito, Nacho, SSoda"
24259,SSoda
24260,"CriqBurg, Hop, TPop"
24261,"Cito, Nacho"
24262,"SCito, Nacho"
24263,"Cito, LFry, SSoda, TPop"
24264,"CriqBurg, SFry, MSoda"
24265,"Cito, Nacho"
24266,"BigCriq, LFry, FSc, LSoda, TPop"
24267,SFry
24268,"SCito, LFry"
24269,"BigCriq, Hop, SSoda, CarbOff"
24270,"Cito, LFry, FSc"
24271,"SCito, Nacho, CarbOff"
24272,"Cito, Nacho, SSoda"
24273,"CriqBurg, SSoda"
24274,"Cito, Nacho, MSoda"
24275,"SCito, Nacho, MSoda"
24276,"CBChs, Nacho, MSoda"
24277,"CBChs, SFry, MSoda"
24278,"SCito, Nacho"
24279,"CBChs, SFry, LSoda"
24280,"Cito, SSoda, TPop"
24281,"CBChs, Nacho, SSoda"
24282,"CriqBurg, LSoda, CarbOff"
24283,"CriqBurg, SFry, FSc, SSoda"
24284,"CBChs, LFry"
24285,"BigCriq, SFry, LSoda, CarbOff"
24286,"CBChs, Hop, SSoda, TPop"
24287,CarbOff
24288,"CriqBurg, Nacho, SSoda, CarbOff"
24289,SSoda
24290,"SCito, Nacho, SSoda"
24291,"Cito, Nacho, MSoda, TPop"
24292,"CriqBurg, Hop"
24293,"Cito, Nacho, SSoda"
24294,"Cito, Nacho, SSoda"
24295,"SCito, Nacho, SSoda, CarbOff"
24296,"SCito, Nacho, TPop"
24297,"LFry, MSoda, TPop"
24298,"SCito, LFry, SSoda"
24299,"Cito, Nacho, SSoda, TPop"
24300,"CriqBurg, LFry, FSc"
24301,"CriqBurg, CarbOff"
24302,"CriqBurg, LFry, MSoda, CarbOff"
24303,"SCito, Nacho, SSoda, CarbOff"
24304,"CriqBurg, SSoda"
24305,"LFry, SSoda"
24306,"CriqBurg, Nacho, CarbOff"
24307,"BigCriq, LFry, FSc, TPop, CarbOff"
24308,"CriqBurg, SSoda, CarbOff"
24309,"Cito, Nacho, SSoda"
24310,"CriqBurg, LFry, LSoda, TPop"
24311,"Cito, Nacho"
24312,"CriqBurg, LSoda"
24313,"LFry, SSoda, CarbOff"
24314,"SCito, Nacho, MSoda"
24315,"CriqBurg, SSoda"
24316,"CriqBurg, SFry, SSoda, CarbOff"
24317,"CBChs, SSoda"
24318,"CBChs, LFry, CarbOff"
24319,"CBChs, LFry, LSoda"
24320,"SCito, Nacho, SSoda"
24321,"CBChs, SFry, MSoda"
24322,"Cito, LFry, FSc, LSoda"
24323,"CriqBurg, SFry, MSoda"
24324,"CBChs, Nacho"
24325,"CBChs, SFry, LSoda, CarbOff"
24326,"CriqBurg, SFry, SSoda"
24327,"CriqBurg, Hop, MSoda, CarbOff"
24328,"SCito, Nacho, SSoda"
24329,"Cito, LSoda, TPop, CarbOff"
24330,
24331,"CriqBurg, SFry, LSoda"
24332,"Cito, Nacho, TPop"
24333,"CBChs, SFry, FSc, MSoda"
24334,"CriqBurg, LSoda"
24335,"SCito, MSoda, TPop"
24336,"SCito, Nacho, SSoda, TPop"
24337,"CriqBurg, SSoda"
24338,"CriqBurg, SSoda, TPop, CarbOff"
24339,"CriqBurg, LFry, SSoda"
24340,"BigCriq, SFry, LSoda, CarbOff"
24341,"CBChs, SFry, LSoda"
24342,"Nacho, TPop"
24343,"CriqBurg, SFry, MSoda"
24344,"CriqBurg, Nacho, MSoda, CarbOff"
24345,"BigCriq, SSoda"
24346,"BigCriq, SFry"
24347,"Cito, Nacho"
24348,"Cito, Nacho"
24349,"SCito, Nacho, TPop"
24350,"BigCriq, Nacho, TPop"
24351,"Cito, Nacho, SSoda"
24352,"CriqBurg, LFry, SSoda"
24353,"CriqBurg, SFry, TPop"
24354,"CBChs, SFry, LSoda, TPop"
24355,"CriqBurg, LFry, MSoda"
24356,"CriqBurg, SFry, LSoda"
24357,"SCito, Nacho"
24358,
24359,"CriqBurg, SFry, SSoda"
24360,"CriqBurg, SFry, FSc, SSoda, TPop"
24361,"SCito, SSoda"
24362,"Cito, LFry, LSoda, CarbOff"
24363,"CBChs, LFry, LSoda, CarbOff"
24364,"CBChs, Nacho, MSoda, CarbOff"
24365,"CriqBurg, SFry, SSoda"
24366,"CBChs, Nacho, MSoda"
24367,"Cito, Nacho, SSoda, CarbOff"
24368,"Cito, Nacho, SSoda"
24369,"CriqBurg, LFry, SSoda"
24370,"CriqBurg, SSoda"
24371,"Cito, Nacho, SSoda"
24372,"BigCriq, LFry, FSc, SSoda, TPop"
24373,"CriqBurg, SSoda"
24374,"SCito, LFry, MSoda, CarbOff"
24375,"Cito, Nacho"
24376,"CriqBurg, LSoda"
24377,"CriqBurg, SFry, MSoda"
24378,"Cito, Nacho"
24379,"Cito, Nacho, SSoda"
24380,"SFry, SSoda"
24381,"CriqBurg, LFry, LSoda"
24382,"CBChs, SFry, SSoda"
24383,"CBChs, Hop, MSoda, TPop"
24384,"Cito, Nacho"
24385,"CBChs, LFry, LSoda, TPop"
24386,"CriqBurg, LFry, MSoda"
24387,"CriqBurg, LSoda"
24388,"CriqBurg, SFry, SSoda"
24389,"Cito, Nacho"
24390,"CBChs, SFry, LSoda"
24391,"CriqBurg, SFry, LSoda, CarbOff"
24392,"CriqBurg, SSoda"
24393,"Cito, Nacho, CarbOff"
24394,"Cito, Nacho"
24395,"SCito, Nacho, MSoda"
24396,"Cito, Nacho, SSoda"
24397,"Cito, Nacho, SSoda, CarbOff"
24398,"Cito, Nacho, SSoda"
24399,"Cito, LFry, FSc, SSoda, TPop"
24400,"CriqBurg, SFry, LSoda"
24401,"SCito, Nacho, SSoda, TPop"
24402,"CBChs, SFry, MSoda"
24403,"Hop, MSoda"
24404,"CriqBurg, SFry, FSc, SSoda, CarbOff"
24405,"Cito, Nacho, MSoda"
24406,"SCito, Nacho, SSoda, TPop, CarbOff"
24407,"CBChs, SFry, CarbOff"
24408,"CBChs, SSoda"
24409,"Cito, Nacho, SSoda, CarbOff"
24410,"Cito, LFry, MSoda"
24411,"CriqBurg, Nacho, MSoda"
24412,"CriqBurg, SFry, LSoda"
24413,"SCito, Nacho, MSoda"
24414,"CriqBurg, LFry, SSoda"
24415,"CriqBurg, MSoda"
24416,"BigCriq, SFry, SSoda"
24417,"CriqBurg, SFry, LSoda"
24418,"CBChs, LFry, SSoda"
24419,"CriqBurg, SFry, FSc, SSoda"
24420,"SCito, SSoda"
24421,"CriqBurg, SFry, MSoda"
24422,"Cito, Nacho, MSoda, CarbOff"
24423,"BigCriq, LFry, SSoda"
24424,"CriqBurg, SFry"
24425,CriqBurg
24426,"Cito, Nacho, SSoda"
24427,"CriqBurg, MSoda, CarbOff"
24428,"Cito, SSoda"
24429,"BigCriq, LFry, SSoda"
24430,"CriqBurg, MSoda"
24431,"CriqBurg, LFry, LSoda"
24432,"CriqBurg, SFry, LSoda"
24433,"Cito, Nacho, SSoda"
24434,"CBChs, TPop, CarbOff"
24435,"Cito, LFry, FSc, SSoda"
24436,"BigCriq, SSoda, CarbOff"
24437,"Cito, Nacho, SSoda"
24438,"CBChs, Nacho, TPop, CarbOff"
24439,"Cito, Nacho, TPop, CarbOff"
24440,"CriqBurg, SFry, MSoda"
24441,"Cito, Nacho, CarbOff"
24442,"CriqBurg, LFry, FSc, LSoda"
24443,"CriqBurg, LSoda"
24444,"Cito, Nacho, SSoda"
24445,"CBChs, SFry, SSoda, TPop"
24446,"LFry, FSc, SSoda"
24447,"BigCriq, LFry, LSoda"
24448,"Cito, Nacho"
24449,"CriqBurg, SFry, FSc"
24450,"Cito, Nacho"
24451,"CriqBurg, LFry, LSoda"
24452,"Cito, Nacho"
24453,"CriqBurg, LFry, FSc"
24454,"Cito, LSoda, TPop"
24455,CriqBurg
24456,LFry
24457,"CriqBurg, Hop, SSoda, TPop"
24458,"Cito, LFry, MSoda"
24459,"CriqBurg, LFry, FSc"
24460,"SCito, Nacho"
24461,"Cito, Nacho, CarbOff"
24462,"Cito, LFry, FSc, MSoda"
24463,"CriqBurg, SFry"
24464,"Cito, Nacho"
24465,"CBChs, SFry, FSc, SSoda"
24466,"CriqBurg, SFry, SSoda"
24467,"CriqBurg, SFry, LSoda, TPop"
24468,"Cito, LFry"
24469,"CBChs, SFry, LSoda"
24470,"BigCriq, LFry, FSc, MSoda, CarbOff"
24471,"SCito, LFry, FSc, MSoda"
24472,"CriqBurg, SSoda"
24473,"CriqBurg, MSoda"
24474,"CriqBurg, Nacho, MSoda"
24475,"CriqBurg, Hop, MSoda"
24476,SSoda
24477,"CriqBurg, LSoda, TPop, CarbOff"
24478,"Cito, SSoda, CarbOff"
24479,"CriqBurg, TPop"
24480,"CBChs, SFry, CarbOff"
24481,"BigCriq, SFry, FSc, TPop"
24482,"CriqBurg, SFry, LSoda, TPop"
24483,"CBChs, SFry, SSoda"
24484,"Cito, LSoda"
24485,"CBChs, SFry, FSc, SSoda"
24486,"Cito, Nacho"
24487,"CriqBurg, LFry, LSoda, CarbOff"
24488,"Cito, Nacho"
24489,"SFry, SSoda"
24490,"CriqBurg, Nacho, SSoda, TPop"
24491,"CBChs, Hop, LSoda, TPop"
24492,"Cito, Nacho, MSoda, CarbOff"
24493,"CriqBurg, LFry, MSoda, CarbOff"
24494,"BigCriq, SFry, LSoda, TPop, CarbOff"
24495,"CBChs, SSoda"
24496,"BigCriq, SFry, SSoda"
24497,"SCito, Nacho, TPop"
24498,"CriqBurg, LFry, SSoda, CarbOff"
24499,"Cito, MSoda, TPop, CarbOff"
24500,"Cito, Nacho, CarbOff"
24501,"Cito, Nacho, CarbOff"
24502,"CriqBurg, Hop, SSoda, TPop"
24503,Hop
24504,"CBChs, LSoda"
24505,"CriqBurg, SFry, SSoda, CarbOff"
24506,"CBChs, SSoda"
24507,"Cito, LSoda"
24508,"CriqBurg, Hop"
24509,"SCito, Nacho"
24510,"Cito, Nacho"
24511,"CriqBurg, MSoda"
24512,"BigCriq, LFry, CarbOff"
24513,LFry
24514,"CriqBurg, LSoda, TPop"
24515,"BigCriq, SFry"
24516,"CriqBurg, SFry, LSoda"
24517,"CriqBurg, SFry, SSoda"
24518,"SCito, Nacho, SSoda"
24519,"CriqBurg, SFry, MSoda"
24520,"Cito, Nacho"
24521,"CriqBurg, LFry, SSoda, CarbOff"
24522,SSoda
24523,"CBChs, SFry, SSoda, CarbOff"
24524,"BigCriq, SSoda, TPop"
24525,"CriqBurg, Nacho, MSoda, CarbOff"
24526,"BigCriq, LFry, FSc"
24527,"CriqBurg, SSoda, TPop"
24528,"CBChs, LFry, MSoda"
24529,"Cito, Nacho, MSoda"
24530,"Cito, Nacho, MSoda, TPop"
24531,"SCito, Nacho, SSoda"
24532,"Cito, Nacho, MSoda"
24533,"CBChs, LFry, LSoda, TPop"
24534,"CBChs, SFry, FSc, SSoda"
24535,"CriqBurg, SFry, MSoda"
24536,"CriqBurg, LFry, FSc, CarbOff"
24537,"CriqBurg, MSoda, CarbOff"
24538,"Cito, Nacho, MSoda, CarbOff"
24539,"CBChs, LFry, SSoda"
24540,"CriqBurg, Hop, SSoda"
24541,"CriqBurg, LFry, FSc, MSoda, CarbOff"
24542,"BigCriq, Nacho, MSoda"
24543,"CriqBurg, SFry, FSc"
24544,"Cito, LFry, FSc"
24545,"BigCriq, LFry, MSoda"
24546,"Cito, Nacho, SSoda, TPop"
24547,"SFry, MSoda"
24548,"Cito, LFry, SSoda"
24549,"Cito, Nacho, MSoda"
24550,"LFry, SSoda"
24551,"CriqBurg, SSoda, TPop, CarbOff"
24552,"Cito, Nacho, MSoda"
24553,"CriqBurg, LFry, FSc, LSoda, CarbOff"
24554,"CBChs, SFry, SSoda"
24555,"CBChs, SFry, FSc"
24556,"Cito, MSoda"
24557,"Cito, Nacho, MSoda, CarbOff"
24558,"CriqBurg, SFry, MSoda"
24559,"CBChs, LFry, SSoda"
24560,"CriqBurg, SFry, LSoda"
24561,"CBChs, SFry, MSoda, TPop"
24562,"Cito, MSoda"
24563,"CriqBurg, SFry, MSoda, TPop"
24564,"Cito, Nacho, CarbOff"
24565,"Cito, LSoda, TPop"
24566,"CriqBurg, SFry, SSoda"
24567,"CriqBurg, SFry, FSc, SSoda"
24568,"Nacho, CarbOff"
24569,"Cito, Nacho, SSoda, CarbOff"
24570,"CriqBurg, SFry, FSc, MSoda"
24571,"CBChs, SFry, SSoda"
24572,"Hop, MSoda, TPop"
24573,"CriqBurg, LFry, FSc, SSoda"
24574,"CriqBurg, LFry, FSc, LSoda, CarbOff"
24575,"CriqBurg, LFry"
24576,"SCito, MSoda, TPop, CarbOff"
24577,"SCito, Nacho, MSoda"
24578,"CBChs, SFry, SSoda"
24579,CriqBurg
24580,"CriqBurg, SSoda"
24581,"CBChs, Nacho, CarbOff"
24582,"CriqBurg, SFry"
24583,"LFry, FSc, SSoda, TPop"
24584,"BigCriq, SSoda, TPop"
24585,"CBChs, LFry, SSoda"
24586,Nacho
24587,"CriqBurg, SFry, SSoda, CarbOff"
24588,"SCito, LFry, MSoda, CarbOff"
24589,"CriqBurg, LFry, SSoda, TPop"
24590,"CriqBurg, LFry, FSc, SSoda, CarbOff"
24591,"CriqBurg, LFry, FSc, MSoda"
24592,"CriqBurg, SFry, SSoda, TPop, CarbOff"
24593,"BigCriq, SSoda"
24594,"CriqBurg, LFry, MSoda"
24595,"CBChs, LFry"
24596,"CBChs, LFry, SSoda"
24597,"CriqBurg, SFry, FSc"
24598,"Cito, LSoda"
24599,BigCriq
24600,"CriqBurg, SFry, SSoda, CarbOff"
24601,"CriqBurg, LSoda"
24602,"CriqBurg, LFry, SSoda, CarbOff"
24603,"CriqBurg, Nacho"
24604,"SFry, MSoda, TPop, CarbOff"
24605,"CriqBurg, SSoda"
24606,"CBChs, Nacho, SSoda, CarbOff"
24607,"SCito, Nacho"
24608,"CBChs, Nacho, MSoda"
24609,"Cito, MSoda, CarbOff"
24610,"CBChs, LFry, MSoda"
24611,"MSoda, TPop"
24612,"Cito, LSoda"
24613,"Cito, Nacho"
24614,"BigCriq, Nacho, SSoda, TPop, CarbOff"
24615,"Cito, LFry, SSoda, CarbOff"
24616,"CriqBurg, SFry, SSoda, CarbOff"
24617,"CBChs, LFry, TPop"
24618,"Cito, Nacho, MSoda"
24619,"SFry, SSoda"
24620,"Cito, Nacho, SSoda"
24621,"CBChs, SFry, FSc, LSoda, CarbOff"
24622,"BigCriq, LFry, SSoda"
24623,"Nacho, CarbOff"
24624,"BigCriq, SSoda"
24625,"Cito, Nacho, MSoda"
24626,"CriqBurg, LFry"
24627,"SCito, Nacho, CarbOff"
24628,"Cito, CarbOff"
24629,"CriqBurg, SFry, MSoda"
24630,"CriqBurg, SFry, LSoda"
24631,"CriqBurg, LFry, FSc, SSoda"
24632,"CBChs, LFry"
24633,"CriqBurg, LSoda, TPop, CarbOff"
24634,"SCito, Nacho"
24635,"SCito, LFry"
24636,"CBChs, Nacho, MSoda"
24637,"CBChs, LFry, LSoda"
24638,"BigCriq, LSoda, TPop"
24639,"CBChs, SFry, MSoda, CarbOff"
24640,"CBChs, LFry, SSoda"
24641,"BigCriq, SFry, FSc, SSoda, CarbOff"
24642,"SCito, Nacho, SSoda, CarbOff"
24643,"BigCriq, SSoda, TPop, CarbOff"
24644,"BigCriq, LSoda, TPop"
24645,"SCito, Nacho"
24646,"CBChs, MSoda, CarbOff"
24647,"Cito, Nacho, SSoda"
24648,"CriqBurg, Nacho, SSoda, TPop"
24649,"CriqBurg, SFry, SSoda, TPop, CarbOff"
24650,"SFry, MSoda, TPop, CarbOff"
24651,"CriqBurg, MSoda"
24652,"SCito, LFry"
24653,"BigCriq, LFry, SSoda, TPop, CarbOff"
24654,CriqBurg
24655,"CriqBurg, LFry, SSoda, TPop, CarbOff"
24656,"CriqBurg, SFry, MSoda"
24657,"SCito, Nacho, SSoda"
24658,"SCito, Nacho, MSoda"
24659,"BigCriq, LFry, MSoda, TPop"
24660,"Cito, Nacho, MSoda"
24661,"BigCriq, Nacho, CarbOff"
24662,"CriqBurg, SFry, LSoda"
24663,"SFry, FSc, MSoda"
24664,"Cito, Nacho, SSoda"
24665,"CriqBurg, Hop, SSoda"
24666,"Cito, LFry, MSoda"
24667,"SFry, TPop"
24668,"Cito, Nacho, CarbOff"
24669,"CriqBurg, LSoda, CarbOff"
24670,"Cito, Nacho, MSoda"
24671,"CriqBurg, Hop, CarbOff"
24672,CarbOff
24673,"SCito, Nacho, MSoda"
24674,"Cito, Nacho, CarbOff"
24675,CriqBurg
24676,CriqBurg
24677,"Cito, Nacho"
24678,"CriqBurg, SSoda"
24679,"BigCriq, SSoda"
24680,"SCito, MSoda, CarbOff"
24681,"Nacho, CarbOff"
24682,"CriqBurg, SFry, CarbOff"
24683,"CBChs, LFry, MSoda, TPop"
24684,"Cito, Nacho"
24685,"CBChs, SFry, MSoda"
24686,"CriqBurg, SFry, SSoda"
24687,"Cito, Nacho, SSoda, TPop, CarbOff"
24688,"CriqBurg, Hop, LSoda, TPop"
24689,"CriqBurg, SFry, LSoda"
24690,"BigCriq, SFry, LSoda"
24691,"CriqBurg, SFry, MSoda"
24692,"CriqBurg, Nacho"
24693,"BigCriq, LFry, TPop"
24694,"Nacho, SSoda, CarbOff"
24695,"CriqBurg, LFry, LSoda"
24696,"CriqBurg, SFry, MSoda"
24697,"Cito, Nacho, SSoda, TPop"
24698,"CriqBurg, LFry, FSc, SSoda, TPop, CarbOff"
24699,"Cito, Nacho, SSoda"
24700,"CriqBurg, SFry, FSc, SSoda"
24701,"Cito, Nacho, SSoda"
24702,BigCriq
24703,"CBChs, SSoda"
24704,"Cito, Nacho, MSoda"
24705,"CriqBurg, LFry, CarbOff"
24706,Cito
24707,"SCito, Nacho"
24708,"Cito, Nacho, MSoda"
24709,"Cito, Nacho, SSoda"
24710,"Cito, Nacho, SSoda, TPop, CarbOff"
24711,"Cito, Nacho, MSoda"
24712,"Cito, LFry, FSc, CarbOff"
24713,CBChs
24714,"BigCriq, LFry, CarbOff"
24715,"Cito, Nacho, MSoda, CarbOff"
24716,"Cito, Nacho, CarbOff"
24717,"CBChs, MSoda, CarbOff"
24718,"CriqBurg, LFry, FSc, SSoda"
24719,"CriqBurg, SSoda"
24720,"CBChs, SFry, SSoda"
24721,"CriqBurg, Nacho"
24722,"CriqBurg, SSoda, CarbOff"
24723,"CriqBurg, LFry, LSoda, CarbOff"
24724,"CBChs, SFry"
24725,"Hop, MSoda"
24726,"Cito, Nacho, MSoda, CarbOff"
24727,"CBChs, SFry, SSoda, TPop"
24728,"Cito, LSoda"
24729,"CBChs, Nacho, SSoda"
24730,"BigCriq, CarbOff"
24731,"CriqBurg, SFry, MSoda"
24732,"CriqBurg, SFry, LSoda"
24733,"Cito, Nacho, MSoda, TPop"
24734,"SFry, MSoda, TPop, CarbOff"
24735,"Cito, LFry, SSoda, CarbOff"
24736,"CriqBurg, MSoda, CarbOff"
24737,"CriqBurg, LFry, MSoda, CarbOff"
24738,"CBChs, SFry, SSoda, TPop"
24739,"CriqBurg, SFry, SSoda, CarbOff"
24740,"CriqBurg, TPop"
24741,"CBChs, SSoda"
24742,"CBChs, SFry, FSc, SSoda"
24743,"CriqBurg, Nacho, SSoda, CarbOff"
24744,"BigCriq, SFry, SSoda, TPop"
24745,"Cito, Nacho, MSoda, TPop"
24746,"CriqBurg, Nacho"
24747,"CBChs, LFry, FSc"
24748,"LFry, SSoda, CarbOff"
24749,"Cito, Nacho, SSoda, CarbOff"
24750,"CriqBurg, LFry, LSoda"
24751,"Cito, Nacho, TPop, CarbOff"
24752,"Cito, Nacho, SSoda"
24753,"CriqBurg, Hop"
24754,"CriqBurg, SSoda"
24755,"CriqBurg, Nacho"
24756,"CriqBurg, LSoda"
24757,"CriqBurg, Nacho, SSoda, TPop"
24758,"CBChs, LFry, MSoda"
24759,"Cito, LFry, FSc"
24760,"CBChs, SFry, MSoda"
24761,"Cito, Nacho, SSoda, CarbOff"
24762,"CriqBurg, SFry, FSc"
24763,"CBChs, Nacho, MSoda"
24764,"CBChs, Nacho, CarbOff"
24765,"Cito, Nacho"
24766,SSoda
24767,"CBChs, LFry, MSoda"
24768,"SCito, MSoda"
24769,"SFry, CarbOff"
24770,"CriqBurg, SFry, FSc, MSoda, TPop, CarbOff"
24771,"Cito, Nacho, SSoda"
24772,"SCito, Nacho, CarbOff"
24773,"Cito, Nacho"
24774,"SFry, SSoda"
24775,"SFry, SSoda"
24776,"MSoda, CarbOff"
24777,"SFry, CarbOff"
24778,"CriqBurg, SSoda"
24779,"SCito, LFry, LSoda"
24780,"Cito, LFry, FSc, LSoda, CarbOff"
24781,"CBChs, SFry, SSoda"
24782,"CriqBurg, SFry, LSoda"
24783,"CBChs, Nacho, SSoda, CarbOff"
24784,"SFry, FSc"
24785,"CriqBurg, SFry"
24786,"CriqBurg, SFry"
24787,"CriqBurg, SFry"
24788,"CriqBurg, SFry"
24789,"CriqBurg, SFry"
24790,"CriqBurg, SFry"
24791,"CriqBurg, SFry"
24792,"CriqBurg, SFry"
24793,"CriqBurg, SFry"
24794,"CriqBurg, SFry"
24795,"CriqBurg, SFry"
24796,"CriqBurg, SFry"
24797,"CriqBurg, SFry"
24798,"CriqBurg, SFry"
24799,"CriqBurg, SFry"
24800,"CriqBurg, SFry"
24801,"CriqBurg, SFry"
24802,"CriqBurg, SFry"
24803,"CriqBurg, SFry"
24804,"CriqBurg, SFry"
24805,"CriqBurg, SFry"
24806,"CriqBurg, SFry"
24807,"CriqBurg, SFry"
24808,"CriqBurg, SFry"
24809,"CriqBurg, SFry"
24810,"CriqBurg, SFry"
24811,"CriqBurg, SFry"
24812,"CriqBurg, SFry"
24813,"CriqBurg, SFry"
24814,"CriqBurg, SFry"
24815,"CriqBurg, SFry"
24816,"CriqBurg, SFry"
24817,"CriqBurg, SFry"
